lambda_max,n_pairs,median_levina,median_spectral,mean_diff,std_diff,wilcoxon_stat,wilcoxon_p,paired_t_stat,paired_t_p,spearman_rho,spearman_p,cohens_d_paired
0.1,150,7.940163216034022,0.21205441307898176,7.730295489137955,0.05254706009153287,0.0,2.2996057560669792e-26,1801.7449003181828,0.0,0.11073736610516025,0.17731848837759953,147.1118550813763
0.2,150,7.940163216034022,0.2985201255600284,7.644348177543634,0.05358715697267599,0.0,2.2996057560669792e-26,1747.130610110939,4e-323,-0.03568691941864083,0.6646112232710872,142.65261695897536
0.4,150,7.940163216034022,0.5178195234202944,7.4266981539320716,0.05492927592287455,0.0,2.2996057560669792e-26,1655.913048657876,1.1986e-319,0.0031272501000044447,0.9697032116026559,135.2047342542763
