MSE,RMSE,MAE,R2,AIC,BIC,scope,model,params
1.851193590918641e-28,1.3605857528721374e-14,1.3026616822268503e-14,1.0,-379.1393119310276,-379.55579299257147,Global,Logarithmique,"{'a': -3.0000000000000027, 'b': 3.056417693407641e-14}"
1868.770115770975,43.2292738288648,42.40344606541719,-107.09438462077567,49.198214808239335,48.781733746695444,Global,Puissance,"{'a': 6.995500663063134, 'b': 0.15384051224673545}"
2.3139919886483012e-29,4.810397061208462e-15,4.144832625267251e-15,1.0,-389.6159611811066,-390.24068277342246,Global,Polynôme2,"{'a': -5.593331843450173e-16, 'b': -2.9999999999999964, 'c': 2.900778571755773e-15}"
4.210689469414295,2.051996459405887,1.7648872080552847,0.7564430835101714,12.625758422455682,12.209277360911791,Global,Linéaire,"{'a': -0.001611645634869031, 'b': -17.41748563636543}"
7.099748146989106e-30,2.6645352591003757e-15,2.220446049250313e-15,1.0,-264.4699739146333,-265.6973851923935,New York,Logarithmique,"{'a': -3.000000000000002, 'b': 1.381676577487437e-14}"
882.1581241582746,29.70114684920895,29.394860484670303,-195.29173929701415,31.12948527611692,29.902073998356702,New York,Puissance,"{'a': 5.222749786441066, 'b': 0.20899447590397843}"
7.099748146989106e-30,2.6645352591003757e-15,2.220446049250313e-15,1.0,-262.4699739146333,-264.3110908312736,New York,Polynôme2,"{'a': 3.2581923430978163e-15, 'b': -3.0000000000000324, 'c': 7.815970093361102e-14}"
0.2797976645119695,0.5289590385955887,0.5205329047574851,0.9377413541696942,-1.0947542551056362,-2.322165532865855,New York,Linéaire,"{'a': -0.01959416925787805, 'b': -11.395573035364997}"
