n,d,T_log,regime
50,1,-11.736069016284437,Divergence
100,1,-13.815510557964275,Divergence
200,1,-15.894952099644108,Divergence
324,1,-17.342230547376985,Divergence
