lambda_max,n_pairs,median_levina,median_theilsen_d_s,mean_diff,std_diff,wilcoxon_stat,wilcoxon_p,paired_t_stat,paired_t_p,spearman_rho,spearman_p
0.1,150,7.940163216034022,0.8274238843326308,7.113471835888278,0.05528088047427134,0.0,2.2996057560669792e-26,1575.9857791786583,1.90447524e-316,-0.011870749811102718,0.8853620829056118
0.2,150,7.940163216034022,1.5561070274374145,6.3817762398480555,0.09554487262381685,0.0,2.2996057560669792e-26,818.0499387859635,5.077468104309653e-274,-0.17863016134050402,0.028736398475841488
0.4,150,7.940163216034022,3.1900695458415838,4.738984677848951,0.12347988626679766,0.0,2.2996057560669792e-26,470.0398870839798,3.525775417187424e-238,-0.14096448731054714,0.0853206779366495
