pipeline,mean_T_LOO,std_T_LOO,rel_std_pct,tstat,pvalue
C_MinCovDet_proj,-0.35304589421050053,0.08600580099298359,24.361082341736502,-18.357706329513316,1.502879603498254e-13
