window_type,pipeline,windows_count,sign_consistency_frac
3yr,A,85,0.9764705882352941
3yr,B,85,0.9764705882352941
3yr,C,85,0.9764705882352941
