series,window_size_months,stride_months,k_core_min,k_core_max,d_core_mean,d_core_std,d_core_min,d_core_max,n_k_core,n_windows
S1,132,12,10,18,3.5634281120692055,0.3056074601657426,3.225729181134311,4.193232633529691,9,40
S1,132,1,10,18,3.5249998723498237,0.20917147256462804,3.317934229418269,3.9549662415770674,9,40
S1,132,6,10,18,3.603651945185532,0.23009009536921793,3.333394820202792,4.045190881552159,9,40
S1,264,12,10,18,4.704547092997741,0.35041853466700357,4.221528628273827,5.379094779829413,9,40
S1,264,1,10,18,4.611741992235583,0.38215077380309304,4.111676383463153,5.256736207490944,9,40
S1,264,6,10,18,4.569295737716569,0.28794159673857633,4.144299451818067,5.134880387237153,9,40
S1,60,12,10,18,3.3948862132386304,0.39329480397411665,2.9205108565259774,4.204442334318916,9,40
S1,60,1,10,18,3.3016301778045,0.40412032120837166,2.8010354938757587,4.038216407985147,9,40
S1,60,6,10,18,3.413963324486238,0.3886467946366438,2.985436263882119,4.125656683918552,9,40
