series,window_size_months,stride_months,k_min,k_max,d_mean,d_std,d_min,d_max,n_windows
S0,132,12,5,20,4.089881071632832,1.00694596759108,3.1625471042818463,6.611779547036375,40
S0,132,1,5,20,3.9992400095238403,0.9181014087373739,3.220586325766287,6.4407389326673705,40
S0,132,6,5,20,4.048327007765597,0.9006703326919068,3.1880299477193375,6.5303891377321435,40
S0,264,12,5,20,5.064495572345095,0.8333821666609164,3.9718283961993093,6.676593457363991,40
S0,264,1,5,20,4.970781995777383,0.8068206995976894,3.91679721610842,6.5051859389164495,40
S0,264,6,5,20,4.930664556912616,0.7998288917631668,3.9409336868793003,6.612101199339695,40
S0,60,12,5,20,3.9833458206517998,1.1480538382709393,2.818279435988483,6.727401159102882,40
S0,60,1,5,20,3.7433692834490286,0.9245284736078616,2.7208409118530748,5.75512360837088,40
S0,60,6,5,20,4.007904138851766,1.1623868504568478,2.8104794929079753,6.665154304955067,40
