series,window_size_months,stride_months,k_core_min,k_core_max,d_core_mean,d_core_std,d_core_min,d_core_max,n_k_core
S0,60,1,10,18,3.3016301778044994,0.4041203212083724,2.801035493875758,4.038216407985151,9
S0,60,6,10,18,3.4139633244862377,0.3886467946366433,2.985436263882119,4.125656683918549,9
S0,60,12,10,18,3.39488621323863,0.3932948039741164,2.920510856525977,4.204442334318914,9
S0,132,1,10,18,3.5249998723498237,0.20917147256462845,3.317934229418269,3.954966241577068,9
S0,132,6,10,18,3.6036519451855336,0.23009009536921832,3.333394820202792,4.045190881552161,9
S0,132,12,10,18,3.5634281120692046,0.3056074601657425,3.2257291811343114,4.193232633529691,9
S0,264,1,10,18,4.611741992235583,0.38215077380309365,4.111676383463152,5.256736207490947,9
S0,264,6,10,18,4.569295737716569,0.28794159673857644,4.144299451818067,5.134880387237153,9
S0,264,12,10,18,4.704547092997742,0.35041853466700523,4.221528628273826,5.379094779829416,9
