series,window_size_months,stride_months,k_min,k_max,d_mean,d_std,d_min,d_max,n_windows
S1,132,12,5,20,4.089881071632831,1.006945967591077,3.162547104281847,6.611779547036366,40
S1,132,1,5,20,3.9992400095238394,0.9181014087373717,3.220586325766287,6.440738932667363,40
S1,132,6,5,20,4.048327007765594,0.9006703326919033,3.1880299477193375,6.530389137732127,40
S1,264,12,5,20,5.064495572345095,0.8333821666609185,3.971828396199309,6.6765934573639925,40
S1,264,1,5,20,4.970781995777382,0.806820699597689,3.9167972161084195,6.5051859389164495,40
S1,264,6,5,20,4.930664556912617,0.7998288917631684,3.9409336868793,6.612101199339702,40
S1,60,12,5,20,3.983345820651796,1.1480538382709329,2.8182794359884826,6.727401159102851,40
S1,60,1,5,20,3.7433692834490286,0.9245284736078606,2.7208409118530756,5.755123608370872,40
S1,60,6,5,20,4.0079041388517656,1.1623868504568446,2.8104794929079757,6.6651543049550686,40
