count_b,Tlog_count,Tlog_median,Tlog_q025,Tlog_q975,Tlog_mean,Tlog_std
150,150,-6.618184855820388,-6.94377367042387,-6.22006442160035,-6.609562991915332,0.19233714945996472
