n_system,d_s_point,d_s_boot_median,d_s_boot_q025,d_s_boot_q975,Tlog_median,Tlog_q025,Tlog_q975,n_boot_retained
3265,1.9994790122804786,2.050927876374394,1.0731509417247878,4.422765618088611,-15.769971869633462,-23.681179755321043,3.4206029750729985,200
