d,slope_estimee,slope_theorique,intercept,p_value_slope,R2
3,-1.0000000000000004,-1,3.552713678800501e-15,0.0,1.0
5,1.0000000000000004,1,-3.552713678800501e-15,0.0,1.0
