,humidity_percent,wind_speed_ms,urban_heat_island_intensity
humidity_percent,1.0,0.18045112781954886,-0.19023794624226836
wind_speed_ms,0.18045112781954886,1.0,-0.07008766440504624
urban_heat_island_intensity,-0.19023794624226836,-0.07008766440504624,1.0
