feature,n,nan_prop,min,q1,median,q3,max,mean,std,IQR,MAD,skewness,kurtosis
humidity_percent,11040,0.0,20.0,39.4,48.2,57.5,95.0,48.4329438405797,12.792415432286022,18.1,9.0,0.07361439430890288,-0.39810893319546814
wind_speed_ms,11040,0.0,1.0,5.9,8.0,10.2,17.2,8.035588768115941,2.916461787664974,4.299999999999999,2.0999999999999996,0.020291167678139942,-0.4828427628297547
urban_heat_island_intensity,11040,0.0,1.0,1.0,1.0,1.25,2.0,1.25,0.43303231430710776,0.25,0.0,1.1548574542818535,-0.66642502228403
