dropped_feature,d_part,d_pca90,d_est,T_log
none,3.8005003705245297,4,3.900250185262265,-0.2988237392908647
temperature_celsius,3.7096390349987782,4,3.854819517499389,-0.4349218569172204
humidity_percent,2.9748274278620404,3,2.98741371393102,-3.033437416935017
precipitation_mm,3.753247635706507,4,3.8766238178532535,-0.3696020106448842
wind_speed_ms,2.9812110907748077,3,2.990605545387404,-3.0238755444293828
urban_heat_island_intensity,2.9559720451259475,3,2.9779860225629737,-3.0616802562313796
