variant,d_part,d_pca90,d_est,T_log
baseline_StandardScaler,3.8005003705245297,4,3.900250185262265,-0.2988237392908647
winsor_1-99_StandardScaler,3.787723468941634,4,3.893861734470817,-0.317961827504817
winsor_1-99_RobustScaler,2.59308850970889,3,2.796544254854445,-3.605231215526506
RobustScaler_only,2.642962081770522,3,2.821481040885261,-3.53052728081528
MinCovDet_proj,3.800500370524528,4,3.900250185262264,-0.29882373929086736
