fraction,match_frac,unstable_frac,median_T,std_T
0.5,0.8388888888888889,0.1611111111111111,-1.5402921484771732,1.2799660634180872
0.75,0.6433333333333333,0.3566666666666667,-0.6263729976456668,1.363521414401389
1.0,0.5555555555555556,0.4444444444444444,-0.29882373929086736,1.5092502205484772
