city,n_windows,prop_windows_pct,mean_delta_abs,median_delta_abs,max_delta_abs,mean_delta_signed
New York_USA_40.7128_-74.006,6,100.0,0.35481135987546103,0.3548113598754611,0.3678114133426061,-0.35481135987546103
Tokyo_Japan_35.6762_139.6503,3,50.0,0.3105103564811573,0.3105103564811573,0.3105103564811573,-0.3105103564811573
Delhi_India_28.7041_77.1025,14,233.33333333333334,0.28119640978781585,0.3035644430067825,0.3904034561496129,-0.28119640978781585
Dallas_USA_32.7767_-96.797,7,116.66666666666667,0.23833700778705325,0.2461619235225717,0.2764500550025346,-0.23833700778705325
Chicago_USA_41.8781_-87.6298,11,183.33333333333331,0.22738242633155756,0.2051468808612571,0.4129402036120923,-0.22738242633155756
