diag,index_in_fit,lambda,N_lambda,cook,leverage,std_resid
01,0,4.6882169544085195e-09,1,101.36746510727778,0.9385044908109409,3.6447505850124267
