diag,index_in_fit,lambda,N_lambda,cook,leverage,std_resid
02,0,1.9847966604322044e-09,1,110.19769564172114,0.9431186986120098,3.6458839323787564
