diag,index_in_fit,lambda,N_lambda,cook,leverage,std_resid
03,0,3.87315848837666e-09,1,102.7909688011122,0.9428519812865453,3.5299723824643303
