diag,index_in_fit,lambda,N_lambda,cook,leverage,std_resid
04,0,3.3990345281236013e-09,1,107.48565519550654,0.9412233836600715,3.6639217359832132
