diag,index_in_fit,lambda,N_lambda,cook,leverage,std_resid
05,0,3.909473939890662e-09,1,107.39633071609003,0.9414962307578915,3.6533589993660818
