diag,index_in_fit,lambda,N_lambda,cook,leverage,std_resid
06,0,4.863668627997503e-09,1,102.96400273573727,0.9391273780842053,3.6534776915869305
