diag,index_in_fit,lambda,N_lambda,cook,leverage,std_resid
07,0,3.1092467574789063e-09,1,110.36277385998186,0.94264720603042,3.6646204354670737
