diag,index_in_fit,lambda,N_lambda,cook,leverage,std_resid
08,0,3.1121316816997153e-09,1,106.30166971354296,0.937990426066522,3.748998026226675
