diag,index_in_fit,lambda,N_lambda,cook,leverage,std_resid
09,0,3.168488792518113e-09,1,107.64004751964575,0.944535786218219,3.5554875343961334
