diag,index_in_fit,lambda,N_lambda,cook,leverage,std_resid
10,0,1.7071889928197551e-09,1,112.49313523535562,0.9474041167372205,3.5341603559757138
